Job ID,Job URL,Job Title,Company Name,Status,Timestamp,WP ID
11ff85f857b5f49f,https://uy.linkedin.com/jobs/view/ayudante-de-sanitaria-montevideo-at-aym-santa-lucia-4435255143,Ayudante de Sanitaria Montevideo,AyM Santa Lucia,posted,2026-07-07T02:24:24.725444,19
613a7926d13f3e6e,https://uy.linkedin.com/jobs/view/ayudante-de-cuadrilla-montevideo-at-aym-santa-lucia-4435255144,Ayudante de Cuadrilla Montevideo,AyM Santa Lucia,posted,2026-07-07T02:24:37.122627,21
a127e9901427f000,https://uy.linkedin.com/jobs/view/auxiliar-de-dep%C3%B3sito-at-mis-petates-4436985109,Auxiliar de depósito,,scraped,2026-07-07T02:24:40.018419,
3be9798cc4bbf476,https://uy.linkedin.com/jobs/view/vendedor-a-casa-central-at-divino-sa-4434395993,Vendedor/a Casa Central,,scraped,2026-07-07T02:24:47.920133,
94fd2c1fd8930d13,https://uy.linkedin.com/jobs/view/vendedor-a-para-tienda-de-decoraci%C3%B3n-part-time-at-divino-sa-4434601031,Vendedor/a para tienda de decoración Part-Time,,scraped,2026-07-07T02:24:55.778631,
567a8a1bf01fca54,https://uy.linkedin.com/jobs/view/recepcionista-administrativo-a-facilities-at-southbay-4436235233,Recepcionista Administrativo/a & Facilities,,scraped,2026-07-07T02:25:03.818503,
433647a56ea5e096,https://uy.linkedin.com/jobs/view/analista-de-supply-chain-at-tienda-inglesa-4436473126,Analista de Supply Chain,Tienda Inglesa,posted,2026-07-07T02:25:27.102415,23
0b595b37312080bf,https://uy.linkedin.com/jobs/view/analista-de-reportes-y-gesti%C3%B3n-at-chic-parisien-4436930094,Analista de Reportes y Gestión,Grupo Parisien,posted,2026-07-07T02:25:40.559672,25
5e861a2d5157040e,https://uy.linkedin.com/jobs/view/ni%C3%B1era-con-experiencia-en-recepci%C3%B3n-at-control-kilos-4436167239,Niñera con experiencia en Recepción,,scraped,2026-07-07T02:25:43.189187,
334de96d47d26777,https://uy.linkedin.com/jobs/view/asistente-de-producci%C3%B3n-audiovisual-at-divino-sa-4435453446,Asistente de producción Audiovisual,,scraped,2026-07-07T02:25:52.238646,
ede5df4a08e37370,https://uy.linkedin.com/jobs/view/supervisor-de-mantenimiento-at-ciemsa-4436980400,Supervisor de Mantenimiento,,scraped,2026-07-07T02:25:59.673793,
b65133ccc4e7e556,https://uy.linkedin.com/jobs/view/supervisor-general-de-mantenimiento-at-conaprole-4436153581,Supervisor General de Mantenimiento,,scraped,2026-07-07T02:27:10.312446,
a9d099835d784b97,https://uy.linkedin.com/jobs/view/field-engineer-technician-at-aeromarine-s-a-4436158473,Field Engineer/Technician,,scraped,2026-07-07T02:27:18.860069,
e390b91aa6fcdf97,https://uy.linkedin.com/jobs/view/reponedor-pt30-sayago-at-sodimac-4427075706,Reponedor PT30 Sayago,,scraped,2026-07-07T02:27:27.570808,
df4ba126d8307c06,https://uy.linkedin.com/jobs/view/agente-de-ventas-telef%C3%B3nicas-%E2%80%93-turno-vespertino-at-casa-tres-contact-center-4436914630,Agente de Ventas Telefónicas – Turno Vespertino,,scraped,2026-07-07T02:27:34.661969,
1f6fe5a81f09c48d,https://uy.linkedin.com/jobs/view/t%C3%A9cnico-en-soporte-jr-at-its-infrastructure-technology-services-4434390692,Técnico en soporte Jr,,scraped,2026-07-07T02:28:45.774871,
382dd2f7d7614cc6,https://uy.linkedin.com/jobs/view/asistente-contable-at-its-infrastructure-technology-services-4434606059,Asistente Contable,,scraped,2026-07-07T02:28:54.857191,
f5b518f6bdd7f1c7,https://uy.linkedin.com/jobs/view/asistente-comercial-at-its-infrastructure-technology-services-4434389667,Asistente Comercial,,scraped,2026-07-07T02:29:04.395082,
4e97d14757bdecbd,https://uy.linkedin.com/jobs/view/sales-executive-at-electroneek-4436254227,Sales Executive,,scraped,2026-07-07T02:29:13.180115,
08be974f2001cbc7,https://uy.linkedin.com/jobs/view/telemarketers-para-call-center-recaudador-de-fondos-at-teleservicios-4436450974,Telemarketers para Call Center - Recaudador de Fondos.,,scraped,2026-07-07T02:30:24.276584,
02fb0dc22890f517,https://uy.linkedin.com/jobs/view/guest-service-officer-at-royal-caribbean-group-4435589901,Guest Service Officer,,scraped,2026-07-07T02:30:31.406540,
25e841aabc7bd764,https://uy.linkedin.com/jobs/view/brand-manager-soluble-coffee-rtd-at-nestl%C3%A9-4435500828,Brand Manager - Soluble Coffee & RTD,Nestlé,posted,2026-07-07T02:30:48.959009,27
6250c9e45f7d2308,https://uy.linkedin.com/jobs/view/responsable-de-gesti%C3%B3n-de-innovaci%C3%B3n-at-advice-uruguay-4433967407,Responsable de Gestión de Innovación,,scraped,2026-07-07T02:30:51.933606,
220722996cde149a,https://uy.linkedin.com/jobs/view/housekeeper-general-maintenance-worker-gmw-day-shift-at-minnesota-direct-care-and-treatment-4433150715,Housekeeper - General Maintenance Worker (GMW) / Day Shift,,scraped,2026-07-07T02:31:03.525425,
623f2d9f7b706fd7,https://uy.linkedin.com/jobs/view/host-%E2%80%93-casino-marketing-player-development-at-cipriani-punta-4432729341,Host – Casino Marketing & Player Development,,scraped,2026-07-07T02:31:11.326963,
65f779353fc17cee,https://uy.linkedin.com/jobs/view/sr-accountant-hospitality-industry-at-howard-4436793187,Sr. Accountant (Hospitality Industry),,scraped,2026-07-07T02:31:18.785071,
c620634625f69589,https://uy.linkedin.com/jobs/view/creador-a-de-contenido-pov-para-ia-remoto-at-toloka-annotators-4435161676,Creador(a) de Contenido POV para IA - Remoto,,scraped,2026-07-07T02:31:27.482922,
c181e9180ec7de65,https://uy.linkedin.com/jobs/view/business-development-representative-at-elvtr-4435845427,Business Development Representative,,scraped,2026-07-07T02:31:35.796164,
9f08f32e3916c805,https://uy.linkedin.com/jobs/view/suplencia-control-de-calidad-at-megalabs-4435381571,Suplencia - Control de Calidad,,scraped,2026-07-07T02:31:43.014083,
65c11c9a9eeb6668,https://uy.linkedin.com/jobs/view/project-manager-at-whs-inc-4436472064,Project Manager,WHS Inc.,posted,2026-07-07T02:33:19.768119,29
ef766cd9f3f3ffd4,https://uy.linkedin.com/jobs/view/coordinador-de-operaciones-y-log%C3%ADstica-at-randstad-uruguay-4433719009,Coordinador de Operaciones y Logística,,scraped,2026-07-07T02:33:22.206432,
54aac6d0c2539213,https://uy.linkedin.com/jobs/view/manager-fiberline-at-upm-4436797716,"Manager, Fiberline",,scraped,2026-07-07T02:33:29.631186,
f88cd354cbe1bfdb,https://uy.linkedin.com/jobs/view/account-executive-mid-market-latam-at-deel-4435251228,"Account Executive, Mid-Market | LATAM",,scraped,2026-07-07T02:33:36.958333,
a23494e04ff9134f,https://uy.linkedin.com/jobs/view/head-of-treasury-at-nexum-consulting-4435851380,Head Of Treasury,,scraped,2026-07-07T02:33:55.487127,
544754bff40faef8,https://uy.linkedin.com/jobs/view/electromec%C3%A1nico-flores-at-aym-santa-lucia-4433194192,Electromecánico Flores,AyM Santa Lucia,posted,2026-07-07T02:34:16.097634,31
b16e40aca5dd3def,https://uy.linkedin.com/jobs/view/account-executive-smb-latam-south-cone-at-deel-4432792158,"Account Executive, SMB | LATAM (South Cone)",,scraped,2026-07-07T02:34:19.106031,
a7e39034095c92dd,https://uy.linkedin.com/jobs/view/senior-business-developer-at-pento-4433709453,Senior Business Developer,,scraped,2026-07-07T02:35:30.461277,
3b0ec013ea9c13bc,https://uy.linkedin.com/jobs/view/analista-de-mejora-continua-at-gxo-logistics-inc-4433715250,Analista de Mejora Continua,,scraped,2026-07-07T02:35:42.260457,
751ca1ddc10a54d4,https://uy.linkedin.com/jobs/view/analista-de-resolucion-de-incidentes-at-scotiabank-uruguay-4435218661,Analista de Resolucion de Incidentes,,scraped,2026-07-07T02:35:49.637928,
67da34e1282432dd,https://uy.linkedin.com/jobs/view/staff-engineer-big-data-at-scanntech-uruguay-4436740985,Staff Engineer Big Data,,scraped,2026-07-07T02:37:00.747484,
bfb158d5df7f3dc8,https://uy.linkedin.com/jobs/view/coordinador-a-de-farmacovigilancia-corporativo-at-adium-4433272615,Coordinador/a de Farmacovigilancia Corporativo,,scraped,2026-07-07T02:37:08.790861,
e5517069c6ffd9c4,https://uy.linkedin.com/jobs/view/backend-developer-at-plan-a-technologies-4427214684,Backend Developer,,scraped,2026-07-07T02:37:16.161454,
bcc5664038874f50,https://uy.linkedin.com/jobs/view/technology-operations-engineer-at-specialized-bicycle-components-4427586188,Technology Operations Engineer,Specialized Bicycle Components,posted,2026-07-07T02:38:33.494987,33
3d0e54f35e29a4dc,https://uy.linkedin.com/jobs/view/ejecutivo-de-ventas-maldonado-at-m%C3%A1s-ventas-4431693447,Ejecutivo de Ventas - MALDONADO,Más Ventas,posted,2026-07-07T02:38:46.609715,35
4128c1b77a8f0b34,https://uy.linkedin.com/jobs/view/jefe-de-recepci%C3%B3n-hotelero-hotel-pr%C3%B3ximo-a-zonamerica-montevideo-at-methodo-servicios-profesionales-en-rr-hh-4433969536,"JEFE DE RECEPCIÓN HOTELERO, HOTEL  próximo a   Zonamerica Montevideo.",,scraped,2026-07-07T02:38:49.279350,
c9aebaf0b550b567,https://uy.linkedin.com/jobs/view/technical-writer-b2b-social-media-search-seo-ai-referral-at-inair-4435533029,Technical Writer - B2B Social Media & Search (SEO/AI Referral),InAir,posted,2026-07-07T02:39:09.767108,37
1c4c667960d30017,https://uy.linkedin.com/jobs/view/l%C3%ADder-de-producto-plataforma-sea-at-ceibal-4437440335,Líder de producto Plataforma SEA,Ceibal,posted,2026-07-07T02:40:29.260977,39
b21ad2557a6d8757,https://uy.linkedin.com/jobs/view/data-engineer-at-perform-4406410237,Data Engineer,Perform,posted,2026-07-07T02:41:02.527954,41
12429f22cd25882d,https://uy.linkedin.com/jobs/view/sustainable-energy-experts-at-ntu-international-a-s-4437115549,Sustainable Energy Experts,,scraped,2026-07-07T02:41:05.136769,
c8d77b06a4b6220b,https://uy.linkedin.com/jobs/view/freelance-annotator-english-ai-trainer-at-toloka-annotators-4437198043,Freelance Annotator (English) - AI Trainer,,scraped,2026-07-07T02:41:12.635670,
3d9178d39d144dce,https://uy.linkedin.com/jobs/view/marketing-specialist-at-internova-global-services-4437125182,Marketing Specialist,Internova Global Services,posted,2026-07-07T02:43:24.596221,43
f4d8124b0ae97f1d,https://uy.linkedin.com/jobs/view/analista-de-marketing-at-sodimac-4416412041,Analista de Marketing,,scraped,2026-07-07T02:43:27.657255,
d90bb3065cbb5bd9,https://uy.linkedin.com/jobs/view/claims-processing-agent-freelance-ai-trainer-at-mindrift-4432382648,Claims Processing Agent - Freelance AI Trainer,,scraped,2026-07-07T02:44:38.177157,
604fef556f2b1a9a,https://uy.linkedin.com/jobs/view/mortgage-underwriter-freelance-ai-trainer-at-mindrift-4432366428,Mortgage Underwriter - Freelance AI Trainer,,scraped,2026-07-07T02:44:53.008226,
c9d6677c27fb7d07,https://uy.linkedin.com/jobs/view/outbond-call-sales-agent-argentinian-market-at-best-service-team-4436747303,Outbond Call Sales Agent (Argentinian market),,scraped,2026-07-07T02:45:09.917393,
81d967a2c3941195,https://uy.linkedin.com/jobs/view/programa-de-pasant%C3%ADas-basf-services-americas-at-basf-4433995069,Programa de Pasantías BASF Services Americas,,scraped,2026-07-07T02:45:29.138299,
91dd3347179e4eda,https://uy.linkedin.com/jobs/view/responsable-comercial-at-maqssa-4435105350,Responsable Comercial,,scraped,2026-07-07T02:45:36.141974,
fbc23440c7a6abf4,https://uy.linkedin.com/jobs/view/ejecutivo-de-inteligencia-comercial-retail-at-scanntech-uruguay-4437184916,Ejecutivo de Inteligencia Comercial - Retail,,scraped,2026-07-07T02:45:48.050005,
aef331060cfb0f28,https://uy.linkedin.com/jobs/view/arquitecto-jefe-de-obra-at-varesi-arquitectos-4433907339,Arquitecto Jefe de Obra,,scraped,2026-07-07T02:45:56.214193,
5af5eb6c381d3e19,https://uy.linkedin.com/jobs/view/consultor-a-hr-transformation-uruguay-at-deloitte-4435341086,Consultor(a) HR Transformation- Uruguay,Deloitte,posted,2026-07-07T02:46:15.868837,45
1f4890e6c1d25a89,https://uy.linkedin.com/jobs/view/regional-sales-manager-%E2%80%93-latam-south-genomics-next-generation-sequencing-ngs-life-sciences-biotechnology-at-mobilize-talent-acquisition-4433792270,Regional Sales Manager – LATAM South - Genomics | Next-Generation Sequencing (NGS) | Life Sciences | Biotechnology,,scraped,2026-07-07T02:46:18.506410,
9759fd998816645c,https://uy.linkedin.com/jobs/view/arquitectos-e-ingenieros-at-stiler-project-management-4436738619,Arquitectos e Ingenieros,,scraped,2026-07-07T02:46:25.747771,
f3f29a143c8845af,https://uy.linkedin.com/jobs/view/senior-media-analytics-insights-analyst-at-blend-4431741179,Senior Media Analytics & Insights Analyst,,scraped,2026-07-07T02:47:37.500960,
6553b14447677183,https://uy.linkedin.com/jobs/view/ingeniero-civil-vial-at-csi-4434022629,Ingeniero Civil - Vial,,scraped,2026-07-07T02:47:56.872817,
de926d3f94230d57,https://uy.linkedin.com/jobs/view/outside-sales-representative-at-w%C3%BCrth-industry-usa-4435116911,Outside Sales Representative,,scraped,2026-07-07T02:48:06.974993,
f613dbe997ee417f,https://uy.linkedin.com/jobs/view/analista-de-sheq-temporal-at-saam-towage-4431948679,Analista de SHEQ (Temporal),SAAM Towage,posted,2026-07-07T02:49:28.901946,47
342c67787c6c2f1a,https://uy.linkedin.com/jobs/view/field-operations-manager-samsung-electronics-at-samsung-electronics-4436446297,Field Operations Manager | Samsung Electronics,,scraped,2026-07-07T02:49:31.643182,
c3c1ac6e0d7d585f,https://uy.linkedin.com/jobs/view/psic%C3%B3logos-at-quiero-una-sesi%C3%B3n-4433938852,Psicólogos,,scraped,2026-07-07T02:50:42.172549,
895dc9033efb4fd2,https://uy.linkedin.com/jobs/view/private-sector-engagement-and-investment-promotion-experts-at-ntu-international-a-s-4436739618,Private Sector Engagement and Investment Promotion Experts,,scraped,2026-07-07T02:50:51.158525,
80a308752c7f58e8,https://uy.linkedin.com/jobs/view/digital-experts-at-ntu-international-a-s-4437160482,Digital Experts,,scraped,2026-07-07T02:50:58.589236,
228a60cb17c6e318,https://uy.linkedin.com/jobs/view/education-research-and-innovation-experts-at-ntu-international-a-s-4437405211,"Education, Research and Innovation Experts",,scraped,2026-07-07T02:51:06.200755,
2c54fa1a7c301bec,https://uy.linkedin.com/jobs/view/health-experts-at-ntu-international-a-s-4437195095,Health Experts,,scraped,2026-07-07T02:51:13.774221,
9b840fcd53514648,https://uy.linkedin.com/jobs/view/agente-de-campo-at-grupo-transamerican-4435374676,Agente de Campo,,scraped,2026-07-07T02:51:21.192671,
f39bd0456cea3cbb,https://uy.linkedin.com/jobs/view/inclusive-and-sustainable-economic-integration-experts-at-ntu-international-a-s-4436727731,Inclusive and Sustainable Economic Integration Experts,,scraped,2026-07-07T02:51:29.346422,
56b50cbf7596a952,https://uy.linkedin.com/jobs/view/global-governance-and-security-experts-at-ntu-international-a-s-4437404551,Global Governance and Security Experts,,scraped,2026-07-07T02:51:37.327665,
ad9733561233c1a1,https://uy.linkedin.com/jobs/view/agentic-aws-devops-engineer-remote-latin-america-at-fullstack-4407576834,Agentic AWS DevOps Engineer - Remote - Latin America,,scraped,2026-07-07T02:51:44.699591,
34a8550196a96597,https://uy.linkedin.com/jobs/view/aws-devops-engineer-linux-remote-latin-america-at-fullstack-4435340165,AWS DevOps Engineer (Linux) - Remote - Latin America,,scraped,2026-07-07T02:52:10.621488,
7677aeff5991b3c6,https://uy.linkedin.com/jobs/view/agentic-product-designer-remote-latin-america-at-fullstack-4417339155,Agentic Product Designer - Remote - Latin America,,scraped,2026-07-07T02:53:32.768108,
5edca39e60af79ff,https://uy.linkedin.com/jobs/view/it-business-analyst-at-internova-global-services-4436960753,IT Business Analyst,Internova Global Services,posted,2026-07-07T02:54:26.303008,49
683fa298c1bc8ad1,https://uy.linkedin.com/jobs/view/mid-level-cms-engineer-sanity-remote-latin-america-at-fullstack-4434623948,Mid-Level CMS Engineer (Sanity) - Remote - Latin America,,scraped,2026-07-07T02:54:29.443411,
a41f2021038bdd1f,https://uy.linkedin.com/jobs/view/tech-lead-sanity-cms-remote-latin-america-at-fullstack-4427111353,Tech Lead (Sanity CMS) - Remote - Latin America,,scraped,2026-07-07T02:54:36.763192,
3af6b07b0d0bcf55,https://uy.linkedin.com/jobs/view/tech-lead-sanity-cms-remote-latin-america-at-fullstack-4427112311,Tech Lead (Sanity CMS) - Remote - Latin America,,scraped,2026-07-07T02:54:59.485881,
e5ab7c04c5f37dc7,https://uy.linkedin.com/jobs/view/mid-level-cms-engineer-sanity-remote-latin-america-at-fullstack-4434625981,Mid-Level CMS Engineer (Sanity) - Remote - Latin America,,scraped,2026-07-07T02:56:18.126285,
0d5b55d36666e8f1,https://uy.linkedin.com/jobs/view/staff-data-scientist-marketing-at-launch-potato-4435825097,"Staff Data Scientist, Marketing",,scraped,2026-07-07T02:56:29.389905,
138abb61fc304a96,https://uy.linkedin.com/jobs/view/mid-level-cms-engineer-sanity-remote-latin-america-at-fullstack-4434626902,Mid-Level CMS Engineer (Sanity) - Remote - Latin America,,scraped,2026-07-07T02:56:46.045559,
ef7a5a7d9d0989ed,https://uy.linkedin.com/jobs/view/agentic-elixir-engineer-remote-latin-america-at-fullstack-4387999595,Agentic Elixir Engineer - Remote - Latin America,,scraped,2026-07-07T02:57:11.868738,
76cccb6c749059e0,https://uy.linkedin.com/jobs/view/agentic-product-designer-remote-latin-america-at-fullstack-4417332670,Agentic Product Designer - Remote - Latin America,,scraped,2026-07-07T02:58:31.217643,
b714ebcfccd76391,https://uy.linkedin.com/jobs/view/ai-video-creator-at-the-flex-4436785120,AI Video Creator,,scraped,2026-07-07T02:58:38.578286,
26765e060bcff4ce,https://uy.linkedin.com/jobs/view/lead-data-scientist-adtech-at-launch-potato-4435814402,"Lead Data Scientist, AdTech",,scraped,2026-07-07T02:58:48.469519,
ae78a118c48436f9,https://uy.linkedin.com/jobs/view/aws-devops-engineer-linux-remote-latin-america-at-fullstack-4435331705,AWS DevOps Engineer (Linux) - Remote - Latin America,,scraped,2026-07-07T02:59:25.833001,
50684722e040f9f1,https://uy.linkedin.com/jobs/view/agentic-aws-devops-engineer-remote-latin-america-at-fullstack-4407588762,Agentic AWS DevOps Engineer - Remote - Latin America,,scraped,2026-07-07T03:00:44.003418,
996b70fe45462cff,https://uy.linkedin.com/jobs/view/probador-de-software-qa-investigaci%C3%B3n-y-desarrollo-trabajo-remoto-at-bairesdev-4436205817,Probador de Software (QA) / Investigación y Desarrollo - Trabajo Remoto,,scraped,2026-07-07T03:01:55.054644,
3922742c87d2a62d,https://uy.linkedin.com/jobs/view/agentic-aws-devops-engineer-remote-latin-america-at-fullstack-4407581838,Agentic AWS DevOps Engineer - Remote - Latin America,FullStack,posted,2026-07-07T03:03:40.391440,51
bf95da675da55fdc,https://uy.linkedin.com/jobs/view/aws-devops-engineer-linux-remote-latin-america-at-fullstack-4435332698,AWS DevOps Engineer (Linux) - Remote - Latin America,FullStack,posted,2026-07-07T03:03:52.172671,53
af77add1c944fa1e,https://uy.linkedin.com/jobs/view/agentic-product-designer-remote-latin-america-at-fullstack-4417321819,Agentic Product Designer - Remote - Latin America,,scraped,2026-07-07T03:03:54.818039,
7dff508fe80998e4,https://uy.linkedin.com/jobs/view/gesucht-teilnehmer-f%C3%BCr-bezahlte-studien-studentjob-ch-at-jobster-4435087078,Gesucht: Teilnehmer für bezahlte Studien - Studentjob.ch,,scraped,2026-07-07T03:04:02.091166,
d6ec522dd647f65e,https://uy.linkedin.com/jobs/view/data-analyst-de-excelencia-comercial-at-adium-4436246100,Data Analyst de Excelencia Comercial,,scraped,2026-07-07T03:04:10.005555,
e46d7186f8cf9538,https://uy.linkedin.com/jobs/view/global-service-desk-manager-at-aven-hospitality-4435851750,Global Service Desk Manager,Aven Hospitality,posted,2026-07-07T03:04:27.950081,55
0e5cecdef60babac,https://uy.linkedin.com/jobs/view/full-stack-developer-python-at-perform-4398418131,Full Stack Developer (Python),,scraped,2026-07-07T03:04:30.678927,
4a723810aee1ad93,https://uy.linkedin.com/jobs/view/manual-qa-r-%2B-d-trabalho-remoto-at-bairesdev-4436221892,Manual QA / R + D - Trabalho Remoto,,scraped,2026-07-07T03:05:14.734632,
ebdc833bab0bf767,https://uy.linkedin.com/jobs/view/ejecutivo-de-venta-a-empresas-at-sodimac-4408798629,Ejecutivo de Venta a Empresas,,scraped,2026-07-07T03:05:29.707732,
401f6ffd16d2e43b,https://uy.linkedin.com/jobs/view/lead-applied-scientist-marketing-at-launch-potato-4435815340,"Lead Applied Scientist, Marketing",,scraped,2026-07-07T03:05:36.909965,
dc55e03d08c805db,https://uy.linkedin.com/jobs/view/berater-in-gesundheitsvorsorge-f%C3%BCr-die-generalagentur-vorsorge-verm%C3%B6gen-st-gallen-at-axa-4435851128,Berater:in Gesundheitsvorsorge für die Generalagentur Vorsorge & Vermögen St.Gallen,,scraped,2026-07-07T03:06:03.818635,
7c6913a99f36cd9e,https://uy.linkedin.com/jobs/view/t%C3%A9cnico-electromec%C3%A1nico-industrial-%E2%80%93-ciudad-de-la-costa-at-work-office-4433933957,Técnico Electromecánico Industrial – Ciudad de la Costa,,scraped,2026-07-07T03:06:13.852469,
fe310ad71fdb82b7,https://uy.linkedin.com/jobs/view/ejecutivo-de-ventas-montevideo-at-m%C3%A1s-ventas-4430727672,Ejecutivo de Ventas  - Montevideo,,scraped,2026-07-07T03:06:20.848354,
571efd5293894f83,https://uy.linkedin.com/jobs/view/l%C3%ADder-de-marketing-at-experis-uruguay-4433177751,Líder de Marketing,,scraped,2026-07-07T03:06:36.661846,
d54047e9f0c36241,https://uy.linkedin.com/jobs/view/jefe-ventas-canal-tradicional-at-afood-4433122172,Jefe Ventas Canal Tradicional,,scraped,2026-07-07T03:06:43.979995,
cc05ec94b697b07a,https://uy.linkedin.com/jobs/view/latin-american-voice-actor-fully-remote-upto-%24150-hr-at-mercor-4427164037,Latin American Voice Actor - Fully Remote | Upto $150/hr,,scraped,2026-07-07T03:06:51.728073,
54e60e3f70509b49,https://uy.linkedin.com/jobs/view/ejecutivo-a-principal-de-datos-de-infraestructura-econ%C3%B3mica-y-social-at-caf-banco-de-desarrollo-de-am%C3%A9rica-latina-y-el-caribe-4437462046,Ejecutivo(a) Principal de Datos de Infraestructura Económica y Social,CAF -banco de desarrollo de América Latina y el Caribe-,posted,2026-07-07T03:09:32.801380,57
e174fc43b94bd14f,https://uy.linkedin.com/jobs/view/sports-data-collector-football-montevideo-uruguay-at-genius-sports-4425391495,"Sports Data Collector (Football) - Montevideo, Uruguay",,scraped,2026-07-07T03:09:35.483485,
4b53b880a9ba8f2a,https://uy.linkedin.com/jobs/view/representante-de-ventas-at-megalabs-4436166293,Representante de ventas,,scraped,2026-07-07T03:09:42.352788,
f79256df435f59f6,https://uy.linkedin.com/jobs/view/encargado-de-sala-y-eventos-at-oxygeno-4433741795,Encargado de Sala y Eventos,,scraped,2026-07-07T03:09:51.544984,
1a21c2ae522fc711,https://uy.linkedin.com/jobs/view/especialista-en-marketing-at-arnaldo-c-castro-s-a-4436976643,Especialista en Marketing,,scraped,2026-07-07T03:09:58.396446,
fef83d03d4c6294c,https://uy.linkedin.com/jobs/view/jefe-a-de-operaciones-para-club-deportivo-at-manpowergroup-4433957673,Jefe/a de operaciones para Club deportivo,,scraped,2026-07-07T03:10:07.960970,
8dd91df10ecd6f7c,https://uy.linkedin.com/jobs/view/auxiliar-contable-4429871421,Auxiliar contable,Estudio Contable- Estudio Guerrina,posted,2026-07-07T03:10:27.060668,59
a72307c04b4b271e,https://uy.linkedin.com/jobs/view/estudiante-de-contador-para-impuestos-h%C3%ADbrido-at-ey-4407083597,Estudiante de Contador para Impuestos (híbrido),EY,posted,2026-07-07T03:10:38.953191,61
1ef590bda6b3acd5,https://uy.linkedin.com/jobs/view/electr%C3%B3nico-a-para-reparaci%C3%B3n-de-placas-tarjetas-electr%C3%B3nicas-aguada-at-manpowergroup-4433110737,Electrónico/a para reparación de placas/tarjetas electrónicas (Aguada),,scraped,2026-07-07T03:10:41.593114,
15e9fc8a677d6787,https://uy.linkedin.com/jobs/view/laboratorista-t%C3%A9cnico-montevideo-at-aym-santa-lucia-4436245252,Laboratorista Técnico Montevideo,AyM Santa Lucia,posted,2026-07-07T03:11:04.183466,63
219cbef0a09fbc16,https://uy.linkedin.com/jobs/view/contador-at-prota-4433985928,Contador,,scraped,2026-07-07T03:11:06.853869,
112feea8cde6a403,https://uy.linkedin.com/jobs/view/contador-p%C3%BAblico-at-carle-andrioli-4433985371,Contador Público,,scraped,2026-07-07T03:11:13.188111,
250ce553c77f5512,https://uy.linkedin.com/jobs/view/asesor-t%C3%A9cnico-comercial-%C3%A1rea-infraestructura-at-gianni-store-4436909950,Asesor Técnico Comercial (Área Infraestructura),,scraped,2026-07-07T03:11:22.623538,
4100fd85f9fd66e9,https://uy.linkedin.com/jobs/view/especialista-en-ciberseguridad-y-redes-at-talenter-4436346913,Especialista en ciberseguridad y redes,,scraped,2026-07-07T03:11:31.176145,
c4aeff889f1a72c6,https://uy.linkedin.com/jobs/view/mechanical-engineer-ii-at-integer-holdings-corporation-4418153834,Mechanical Engineer II,,scraped,2026-07-07T03:11:39.181888,
de0ec4d1b87282b0,https://uy.linkedin.com/jobs/view/vendedor-a-del-rubro-construcci%C3%B3n-at-randstad-uruguay-4432712003,Vendedor/a del Rubro Construcción,,scraped,2026-07-07T03:12:06.448908,
209c901f0659529a,https://uy.linkedin.com/jobs/view/contador-a-at-manpowergroup-uruguay-4433946704,Contador/a,,scraped,2026-07-07T03:12:13.859020,
828448df93db8151,https://uy.linkedin.com/jobs/view/junior-net-developer-sumate-a-nuestro-equipo-de-desarrollo-at-practia-uruguay-4436981967,Junior .NET Developer: Sumate a nuestro equipo de desarrollo,,scraped,2026-07-07T03:12:21.088717,
c2ac9c9be24d6534,https://uy.linkedin.com/jobs/view/ingeniero-para-%C3%A1rea-de-soluciones-at-urudata-s-a-4436168207,Ingeniero para Área de Soluciones,,scraped,2026-07-07T03:12:28.054260,
d868d910688d63dd,https://uy.linkedin.com/jobs/view/analista-financiero-para-operaciones-pensamiento-computacional-e-ia-at-ceibal-4437402359,Analista Financiero para Operaciones Pensamiento Computacional e IA,Ceibal,posted,2026-07-07T03:12:46.397550,65
fd48776afd5bd186,https://uy.linkedin.com/jobs/view/full-stack-developer-net-developer-at-perform-4398409341,Full Stack Developer (.NET Developer),,scraped,2026-07-07T03:12:49.014715,
26d764748ef9a9ec,https://uy.linkedin.com/jobs/view/dise%C3%B1ador-gr%C3%A1fico-at-acher-4433969183,Diseñador gráfico,,scraped,2026-07-07T03:13:08.222622,
140ff959e0563bd9,https://uy.linkedin.com/jobs/view/accounts-executive-at-allocated-bullion-exchange-abx-4355310278,Accounts Executive,Allocated Bullion Exchange - ABX,posted,2026-07-07T03:13:50.597547,67
201563d19fc46cce,https://uy.linkedin.com/jobs/view/auxiliar-de-ventas-costa-urbana-shopping-at-jack-jones-4436275437,Auxiliar de Ventas - Costa Urbana Shopping,,scraped,2026-07-07T03:13:53.237142,
31440bcfe98b2a40,https://uy.linkedin.com/jobs/view/sr-quality-data-analyst-at-despegar-4436415452,Sr Quality Data Analyst,Despegar,posted,2026-07-07T03:14:12.376922,69
a4fee99af553c486,https://uy.linkedin.com/jobs/view/ingeniero-a-civil-para-oficina-t%C3%A9cnica-at-nova-construcciones-4436150817,Ingeniero/a Civil para Oficina Técnica,,scraped,2026-07-07T03:14:15.019387,
f0a750e509df98f8,https://uy.linkedin.com/jobs/view/senior-ai-engineer-at-blend-4437415994,Senior AI Engineer,,scraped,2026-07-07T03:14:22.921589,
f1aca26c9a9bfebb,https://uy.linkedin.com/jobs/view/supervisor-de-ventas-at-felispark-distribuidora-4434506208,Supervisor de ventas,,scraped,2026-07-07T03:14:30.325995,
f675df4997b0a411,https://uy.linkedin.com/jobs/view/ingeniero-a-civil-estudiante-avanzado-at-csi-4435895719,Ingeniero/a Civil - Estudiante Avanzado,,scraped,2026-07-07T03:14:45.492961,
85de2770983c7da8,https://uy.linkedin.com/jobs/view/verdiene-geld-von-zuhause-aus-nebenjob-im-home-office-mit-umfragen-studentjob-ch-at-jobster-4435079899,Verdiene Geld von Zuhause aus: Nebenjob im Home Office mit Umfragen - Studentjob.ch,,scraped,2026-07-07T03:14:55.495215,
bf782f9573e59f5b,https://uy.linkedin.com/jobs/view/senior-technical-support-engineer-upto-%2450k-yr-at-mercor-4417021264,Senior Technical Support Engineer | Upto $50K/yr,,scraped,2026-07-07T03:15:03.586768,
6b836e0eb9db9361,https://uy.linkedin.com/jobs/view/net-developer-at-kinamic-4432706848,.Net Developer,,scraped,2026-07-07T03:15:11.098739,
0cc6f484431b2c26,https://uy.linkedin.com/jobs/view/ejecutivo-de-cuentas-tecnolog%C3%ADa-at-talenter-4436736841,Ejecutivo de cuentas - Tecnología,,scraped,2026-07-07T03:15:17.566082,
93484f948a2cfdbc,https://uy.linkedin.com/jobs/view/verdiene-schnell-und-einfach-geld-mit-umfragen%21-von-%C3%BCberall%21-studentjob-ch-at-jobster-4435076591,Verdiene schnell und einfach Geld mit Umfragen! Von überall! - Studentjob.ch,,scraped,2026-07-07T03:15:25.213916,
835011e82f1d5058,https://uy.linkedin.com/jobs/view/home-office-ihre-meinung-ist-wertvoll-%E2%80%93-lassen-sie-sich-daf%C3%BCr-belohnen%21-studentjob-ch-at-jobster-4435085869,Home Office: Ihre Meinung ist wertvoll – lassen Sie sich dafür belohnen! - Studentjob.ch,,scraped,2026-07-07T03:15:32.894602,
ae593cbd5720f407,https://uy.linkedin.com/jobs/view/home-office-ihre-meinung-ist-wertvoll-%E2%80%93-lassen-sie-sich-daf%C3%BCr-belohnen%21-studentjob-ch-at-jobster-4435079347,Home Office: Ihre Meinung ist wertvoll – lassen Sie sich dafür belohnen! - Studentjob.ch,,scraped,2026-07-07T03:15:40.081201,
20005079c7e0586d,https://uy.linkedin.com/jobs/view/jefe-de-servicie-delivery-at-sonda-4427637109,Jefe de Servicie Delivery,,scraped,2026-07-07T03:15:47.488815,
c3770f479cc705b5,https://uy.linkedin.com/jobs/view/manager-data-management-at-internova-travel-group-4435836047,Manager Data Management,Internova Travel Group,posted,2026-07-07T03:16:40.607244,71
43b1bf223a33022c,https://uy.linkedin.com/jobs/view/pasante-en-riesgos-retail-at-scotiabank-uruguay-4434657941,Pasante en Riesgos Retail,,scraped,2026-07-07T03:16:43.339474,
2fc83518dd1ac61a,https://uy.linkedin.com/jobs/view/senior-full-stack-engineer-shopify-at-lazer-technologies-4168004809,"Senior Full Stack Engineer, Shopify",,scraped,2026-07-07T03:16:51.177139,
6053fab21fcf719f,https://uy.linkedin.com/jobs/view/analista-senior-de-control-interno-para-importante-empresa-internacional-at-grant-thornton-uruguay-4433984098,Analista Senior de Control Interno (para importante empresa internacional),,scraped,2026-07-07T03:16:57.815914,
49ba262f38194f63,https://uy.linkedin.com/jobs/view/senior-middleware-engineer-at-partnerone-4436739676,Senior Middleware Engineer,PartnerOne,posted,2026-07-07T03:17:16.305143,73
914d47bd314ee93b,https://uy.linkedin.com/jobs/view/principal-data-engineer-remote-latin-america-at-fullstack-4436437181,Principal Data Engineer - Remote - Latin America,,scraped,2026-07-07T03:17:18.943619,
7695938e10c0223f,https://uy.linkedin.com/jobs/view/principal-data-engineer-remote-latin-america-at-fullstack-4436425621,Principal Data Engineer - Remote - Latin America,,scraped,2026-07-07T03:17:33.913031,
48752bdebf870365,https://uy.linkedin.com/jobs/view/principal-data-engineer-remote-latin-america-at-fullstack-4436432400,Principal Data Engineer - Remote - Latin America,,scraped,2026-07-07T03:17:41.061442,
d1700580c815a092,https://uy.linkedin.com/jobs/view/pipeline-requisition-presales-preventas-cx-at-oracle-4435847145,Pipeline Requisition Presales / Preventas CX,Oracle,posted,2026-07-07T03:18:13.444118,75
84e31ae26de0890a,https://uy.linkedin.com/jobs/view/vorsorge-und-finanzberater-in-f%C3%BCr-die-region-st-gallen-at-axa-4435832646,Vorsorge- und Finanzberater:in für die Region St.Gallen,,scraped,2026-07-07T03:18:15.997953,
b59abb4123777148,https://uy.linkedin.com/jobs/view/principal-technical-architect-%E2%80%93-acs-at-oracle-4432311780,Principal Technical Architect – ACS,Oracle,posted,2026-07-07T03:18:35.909241,77
e14dbc631d8ca63b,https://uy.linkedin.com/jobs/view/sr-full-stack-engineer-at-pento-4433940818,Sr. Full Stack Engineer,,scraped,2026-07-07T03:18:38.625107,
feca86c56f9d2884,https://uy.linkedin.com/jobs/view/top-verdienen-in-der-schweiz-200-%E2%82%AC-pro-tag-als-dialoger-in-m-w-d-studentjob-ch-at-jobster-4435095316,Top verdienen in der Schweiz: 200 € pro Tag als Dialoger*in (m/w/d) - Studentjob.ch,,scraped,2026-07-07T03:18:45.246588,
3e8a8faceeef2907,https://uy.linkedin.com/jobs/view/ejecutivo-a-de-ventas-at-nexum-consulting-4433748782,Ejecutivo/a de Ventas,Nexum Consulting,posted,2026-07-07T03:19:44.178649,79
b91d7a492bd87e3d,https://uy.linkedin.com/jobs/view/ib-mathematics-teacher-at-nord-anglia-education-4434315592,IB Mathematics Teacher,Nord Anglia Education,posted,2026-07-07T03:19:56.286669,81
37847b3011dc4d88,https://uy.linkedin.com/jobs/view/ejecutivo-a-de-ventas-at-nexum-consulting-4433755554,Ejecutivo/a de Ventas,Nexum Consulting,posted,2026-07-07T03:20:38.628706,79
81e7350afbab5728,https://uy.linkedin.com/jobs/view/backend-developer-node-js-at-applaudo-4436167030,Backend Developer (Node.js),,scraped,2026-07-07T03:20:41.324756,
39ca6cb743cd5778,https://uy.linkedin.com/jobs/view/analista-de-liquidaci%C3%B3n-de-sueldos-at-acciona-soluciones-en-capital-humano-4431097978,Analista de Liquidación de Sueldos,,scraped,2026-07-07T03:20:47.952025,
fc60eb2fc56a04e1,https://uy.linkedin.com/jobs/view/sr-client-partner-twitch-at-aleph-4425836409,Sr. Client Partner - Twitch,,scraped,2026-07-07T03:20:58.367724,
fe9ef64877638101,https://uy.linkedin.com/jobs/view/agentic-product-designer-remote-latin-america-at-fullstack-4417323802,Agentic Product Designer - Remote - Latin America,,scraped,2026-07-07T03:21:30.800316,
2608cde5bcf7f28c,https://uy.linkedin.com/jobs/view/buscamos-contador-junior-estudiante-avanzado-de-contador-p%C3%BAblico-4433914079,Buscamos Contador Junior / Estudiante Avanzado de Contador Público,Estudio Arrospide Mazzone,posted,2026-07-07T03:21:55.289799,83
5a14534f7e76307d,https://uy.linkedin.com/jobs/view/senior-lead-full-stack-developer-entra-id-api-at-sparq-4428153091,Senior Lead Full Stack Developer (Entra ID/API),,scraped,2026-07-07T03:21:57.995124,
6671c6f830b419e1,https://uy.linkedin.com/jobs/view/principal-technical-architect-at-oracle-4432387710,Principal Technical Architect,Oracle,posted,2026-07-07T03:22:54.372397,85
b166e6aa2ebf2171,https://uy.linkedin.com/jobs/view/pipeline-requisition-arquitecto-a-de-aplicaciones-at-oracle-4435828856,Pipeline Requisition Arquitecto/a de Aplicaciones,Oracle,posted,2026-07-07T03:23:08.826026,87
cc8a84a48a279dcd,https://uy.linkedin.com/jobs/view/site-reliability-engineering-manager-en-at-cae-4433709021,Site Reliability Engineering Manager-EN,CAE,posted,2026-07-07T03:23:20.836320,89
679450d18aef4230,https://uy.linkedin.com/jobs/view/pipeline-requisition-presales-preventas-epm-at-oracle-4435834454,Pipeline Requisition Presales / Preventas EPM,Oracle,posted,2026-07-07T03:23:30.631583,91
59173a8d038e388c,https://uy.linkedin.com/jobs/view/mechanical-bim-specialist-%E2%80%93-revit-navisworks-vendor-model-remote-latam-paid-in-usd-at-eng-4422495859,Mechanical BIM Specialist – Revit & Navisworks Vendor Model | Remote LATAM | Paid in USD,,scraped,2026-07-07T03:23:33.339294,
472a505520435ac1,https://uy.linkedin.com/jobs/view/senior-frontend-software-engineer-at-specialized-bicycle-components-4436137322,Senior Frontend Software Engineer,,scraped,2026-07-07T03:23:47.114252,
a4e1c39a15f27cae,https://uy.linkedin.com/jobs/view/gmp-technician-puerto-rico-at-sbm-management-services-lp-4425871407,"GMP Technician, Puerto Rico","SBM Management Services, LP",posted,2026-07-07T03:24:13.903928,93
5f58c935f85a3b4c,https://uy.linkedin.com/jobs/view/tech-lead-sanity-cms-remote-latin-america-at-fullstack-4427097788,Tech Lead (Sanity CMS) - Remote - Latin America,FullStack,posted,2026-07-07T03:24:24.448630,95
e9b27abcf73d5ef5,https://uy.linkedin.com/jobs/view/tech-lead-sanity-cms-remote-latin-america-at-fullstack-4427106617,Tech Lead (Sanity CMS) - Remote - Latin America,FullStack,posted,2026-07-07T03:24:29.948269,95
c98b7e70714d3aad,https://uy.linkedin.com/jobs/view/tech-lead-sanity-cms-remote-latin-america-at-fullstack-4427093865,Tech Lead (Sanity CMS) - Remote - Latin America,FullStack,posted,2026-07-07T03:24:40.389698,95
0dcf12d930e33405,https://uy.linkedin.com/jobs/view/mid-level-cms-engineer-sanity-remote-latin-america-at-fullstack-4434633566,Mid-Level CMS Engineer (Sanity) - Remote - Latin America,FullStack,posted,2026-07-07T03:24:50.027010,97
9c85c95151aa2303,https://uy.linkedin.com/jobs/view/qa-automation-engineer-node-js-distributed-systems-at-applaudo-4436140620,QA Automation Engineer (Node.js & Distributed Systems),,scraped,2026-07-07T03:24:52.727669,
95919a050d2af543,https://uy.linkedin.com/jobs/view/principal-data-engineer-remote-latin-america-at-fullstack-4436438181,Principal Data Engineer - Remote - Latin America,FullStack,posted,2026-07-07T03:25:06.978065,99
bd2d35a81f000573,https://uy.linkedin.com/jobs/view/lehrstelle-kauffrau-kaufmann-efz-privatversicherung-2027-generalagentur-vorsorge-verm%C3%B6gen-st-gallen-at-axa-4432354996,Lehrstelle Kauffrau / Kaufmann EFZ Privatversicherung 2027 - Generalagentur Vorsorge & Vermögen St. Gallen,,scraped,2026-07-07T03:25:09.563054,
29439a7b34ee103e,https://uy.linkedin.com/jobs/view/aws-devops-engineer-linux-remote-latin-america-at-fullstack-4435326807,AWS DevOps Engineer (Linux) - Remote - Latin America,FullStack,posted,2026-07-07T03:25:21.158854,53
9ee4700ebcd4d937,https://uy.linkedin.com/jobs/view/mid-level-cms-engineer-sanity-remote-latin-america-at-fullstack-4434647045,Mid-Level CMS Engineer (Sanity) - Remote - Latin America,FullStack,posted,2026-07-07T03:25:26.811289,97
1e23bb657f93fcd9,https://uy.linkedin.com/jobs/view/eg0053-senior-adobe-workfront-developer-at-nortal-4436791033,(EG0053) Senior Adobe Workfront Developer,,scraped,2026-07-07T03:25:29.479396,
90c249bc92e62acc,https://uy.linkedin.com/jobs/view/agentic-elixir-engineer-remote-latin-america-at-fullstack-4388204264,Agentic Elixir Engineer - Remote - Latin America,FullStack,posted,2026-07-07T03:25:44.258438,101
d3c87b7c491396f2,https://uy.linkedin.com/jobs/view/gmp-technician-at-sbm-management-services-lp-4425851687,GMP Technician,"SBM Management Services, LP",posted,2026-07-07T12:21:54.642412,103
9e0834cbfb97f2af,https://uy.linkedin.com/jobs/view/mobility-transport-and-urban-planning-experts-at-ntu-international-a-s-4437145618,"Mobility, Transport and Urban Planning Experts",,scraped,2026-07-07T12:21:57.350820,
364fa5d1c90bb94a,https://uy.linkedin.com/jobs/view/critical-raw-materials-experts-at-ntu-international-a-s-4437129130,Critical Raw Materials Experts,,scraped,2026-07-07T12:22:04.603320,
aaa02c9bc14e821c,https://uy.linkedin.com/jobs/view/trading-risk-monitoring-specialist-at-exness-4407023682,Trading Risk Monitoring Specialist,,scraped,2026-07-07T12:22:11.773810,
37226cc14fcf3886,https://uy.linkedin.com/jobs/view/bookkeeper-at-cs-outsource-4436006529,Bookkeeper,CS Outsource,posted,2026-07-07T12:22:30.147156,105
3a21874f30b2c4a9,https://uy.linkedin.com/jobs/view/sports-betting-settlement-operator-at-altenar-4432791314,Sports Betting Settlement Operator,,scraped,2026-07-07T12:22:32.793443,
48eacae91b93aa13,https://uy.linkedin.com/jobs/view/product-manager-visual-display-samsung-electronics-at-samsung-electronics-4435338806,"Product Manager, Visual Display | Samsung Electronics",,scraped,2026-07-07T12:22:40.424786,
21e569cf1470f80d,https://uy.linkedin.com/jobs/view/tax-specialist-at-trafigura-4397942736,Tax Specialist,,scraped,2026-07-07T12:22:47.343053,
138125f5f962fbe3,https://uy.linkedin.com/jobs/view/executive-housekeeper-at-royal-caribbean-group-4436516471,Executive Housekeeper,Royal Caribbean Group,posted,2026-07-07T12:23:05.194877,107
be321ed0c87da80a,https://uy.linkedin.com/jobs/view/ar-specialist-at-bonotel-exclusive-travel-4426646881,AR Specialist,Bonotel Exclusive Travel,posted,2026-07-07T12:23:20.358700,109
521174b0cbe68bf2,https://uy.linkedin.com/jobs/view/encargado-de-producto-at-newlook-uruguay-4432380929,ENCARGADO DE PRODUCTO,,scraped,2026-07-07T12:23:23.033848,
5574e0c4f65e0a23,https://uy.linkedin.com/jobs/view/promotor-a-para-unicef-uruguay-agencia-proa-at-proa-argentina-4436909951,Promotor/a para Unicef Uruguay - Agencia PROA,,scraped,2026-07-07T12:23:30.811564,
27886c4933d2e3c9,https://uy.linkedin.com/jobs/view/commercial-analyst-at-only-brand-house-4436450634,Commercial Analyst,,scraped,2026-07-07T12:23:38.459948,
dc82cbbe27071ae4,https://uy.linkedin.com/jobs/view/administracion-profesor-de-autoescuela-at-academia-de-choferes-lomas-4433968220,Administracion / Profesor de Autoescuela,,scraped,2026-07-07T12:23:45.304732,
eb860559d717ee33,https://uy.linkedin.com/jobs/view/directora-t%C3%A9cnica-para-equipo-femenino-amateur-at-cerceta-f%C3%BAtbol-femenino-4433961508,Directora técnica para equipo Femenino Amateur,Cerceta Fútbol Femenino,posted,2026-07-07T12:24:01.569461,111
0dae8a6f208e88b6,https://uy.linkedin.com/jobs/view/microsoft-365-services-specialist-at-aven-hospitality-4435509683,Microsoft 365 Services Specialist,Aven Hospitality,posted,2026-07-07T12:24:16.629633,113
c74ca6958f009acd,https://uy.linkedin.com/jobs/view/adobe-target-consultant-work-from-home-at-nortal-4436262140,Adobe Target Consultant - Work from home,,scraped,2026-07-07T12:24:19.324499,
c058036ce82f5fd9,https://uy.linkedin.com/jobs/view/corporate-travel-specialist-at-internova-global-services-4398051660,Corporate Travel Specialist,Internova Global Services,posted,2026-07-07T12:25:11.525767,115
895a6d207fa8b9da,https://uy.linkedin.com/jobs/view/freelance-grabaci%C3%B3n-de-tareas-cotidianas-para-proyecto-de-ia-at-toloka-annotators-4437769418,Freelance: grabación de tareas cotidianas para proyecto de IA,Toloka Annotators,posted,2026-07-07T12:25:19.302253,117
b8b6f7ffc16ccde0,https://uy.linkedin.com/jobs/view/servicio-de-atenci%C3%B3n-al-cliente-at-equipos-industriales-4434506159,Servicio de atención al cliente,,scraped,2026-07-07T12:25:31.932989,
7be54bd235a55f79,https://uy.linkedin.com/jobs/view/sr-accountant-hospitality-industry-at-howard-4437738946,Sr. Accountant (Hospitality Industry),Howard,posted,2026-07-07T12:25:45.858933,119
0466347bdf4f579e,https://uy.linkedin.com/jobs/view/asistente-ejecutivo-at-estaciones-de-servicio-uruguay-4433181974,Asistente ejecutivo,Estaciones de Servicio Uruguay,posted,2026-07-07T12:25:59.356198,121
653b58359422ae40,https://uy.linkedin.com/jobs/view/accountant-vacation-rental-industry-at-howard-4436939064,Accountant (Vacation Rental Industry),Howard,posted,2026-07-07T12:26:09.440259,123
1d8c956112e9a8c3,https://uy.linkedin.com/jobs/view/ejecutivo-de-soluciones-digitales-at-claro-uruguay-4435237747,Ejecutivo de Soluciones Digitales,,scraped,2026-07-07T12:26:12.092439,
b18ccfd1dac59adf,https://uy.linkedin.com/jobs/view/supervisor-%E2%80%93-casino-marketing-player-development-at-cipriani-punta-4432716770,Supervisor – Casino Marketing & Player Development,,scraped,2026-07-07T12:26:20.502191,
57fffa3b0e8c05f8,https://uy.linkedin.com/jobs/view/ingenieros-as-de-producci%C3%B3n-at-upm-4436789951,Ingenieros/as de Producción,,scraped,2026-07-07T12:26:26.973633,
061dac193b1db83a,https://uy.linkedin.com/jobs/view/administration-assistant-at-bestseller-4436776878,Administration Assistant,,scraped,2026-07-07T12:26:34.266615,
8515db39cab5385c,https://uy.linkedin.com/jobs/view/executive-host-%E2%80%93-casino-marketing-player-development-at-cipriani-punta-4432729340,Executive Host – Casino Marketing & Player Development,,scraped,2026-07-07T12:26:40.602507,
12e2d079bf33afcc,https://uy.linkedin.com/jobs/view/comprador-a-at-manpowergroup-4432793376,Comprador/a,ManpowerGroup,posted,2026-07-07T12:26:56.783238,125
0a4da2463175580d,https://uy.linkedin.com/jobs/view/compliance-analyst-freelance-ai-trainer-at-mindrift-4432330884,Compliance Analyst - Freelance AI Trainer,Mindrift,posted,2026-07-07T12:27:07.837596,127
1857ea4683ee7230,https://uy.linkedin.com/jobs/view/enfermeros-emergencia-m%C3%A9dica-at-aglh-4435373670,Enfermeros - Emergencia Médica,AGLH,posted,2026-07-07T12:27:17.319234,129
ac9426b87b035858,https://uy.linkedin.com/jobs/view/data-machine-learning-engineer-at-idt-corporation-4436440500,Data & Machine Learning Engineer,IDT Corporation,posted,2026-07-07T12:27:43.213458,131
098a8f447946238b,https://uy.linkedin.com/jobs/view/spi-aoi-process-engineer-at-foxconn-industrial-internet-fii-4436285504,SPI / AOI Process Engineer,Foxconn Industrial Internet - FII,posted,2026-07-07T12:27:50.776851,133
8d848c1cdc09cc4a,https://uy.linkedin.com/jobs/view/crm-cvm-lifecycle-retention-marketing-lead-us-b2c-subscription-only-at-jobhire-ai-4437763848,CRM/ CVM / Lifecycle/Retention Marketing Lead (US b2c subscription only),JobHire.AI,posted,2026-07-07T12:27:58.116591,135
6a264cfae0d65491,https://uy.linkedin.com/jobs/view/ex-quality-assurance-analyst-at-perceptyx-4436422874,EX Quality Assurance Analyst,Perceptyx,posted,2026-07-07T12:28:09.426618,137
251230af7a46e97b,https://uy.linkedin.com/jobs/view/data-consultant-at-oracle-4433157461,Data Consultant,Oracle,posted,2026-07-07T12:28:24.639175,139
fb5103a409fbc019,https://uy.linkedin.com/jobs/view/lehrstelle-kauffrau-kaufmann-efz-privatversicherung-2027-regionaldirektion-st-gallen-at-axa-4435836489,Lehrstelle Kauffrau / Kaufmann EFZ Privatversicherung 2027 - Regionaldirektion St. Gallen,,scraped,2026-07-07T12:28:27.134781,
475d67e37bdd38b1,https://uy.linkedin.com/jobs/view/marketing-specialist-at-cs-outsource-4436259360,Marketing Specialist,CS Outsource,posted,2026-07-07T12:28:39.083807,43
6540e7d047908930,https://uy.linkedin.com/jobs/view/automation-engineer-at-blend-4436166299,Automation Engineer,Blend,posted,2026-07-07T12:28:47.929112,141
bd67d7c90fd10850,https://uy.linkedin.com/jobs/view/team-leader-at-masterson-seguridad-4437709624,Team Leader,,scraped,2026-07-07T12:29:08.707169,
ac5decfe78a376d4,https://uy.linkedin.com/jobs/view/customer-success-specialist-accounting-saas-part-time-at-scale-up-recruiting-partners-4435520886,Customer Success Specialist (Accounting SaaS) - Part Time,Scale Up Recruiting Partners,posted,2026-07-07T12:29:29.997372,143
6048199ecfe41bc1,https://uy.linkedin.com/jobs/view/freelance-mobile-app-developer-ios-android-at-mindrift-4436726029,Freelance Mobile App Developer (iOS / Android),Mindrift,posted,2026-07-07T12:29:38.598285,145
a10323d25062bf90,https://uy.linkedin.com/jobs/view/customer-care-short-term-contract-at-aven-hospitality-4436130882,Customer Care - Short Term Contract,Aven Hospitality,posted,2026-07-07T12:29:52.729374,147
e7316d5cad09a51b,https://uy.linkedin.com/jobs/view/jefe-comercial-textil-maldonado-at-el-dorado-4435366968,Jefe Comercial Textil - Maldonado,,scraped,2026-07-07T12:29:55.324355,
fa95878ca68d731f,https://uy.linkedin.com/jobs/view/project-manager-de-productos-digitales-at-domus-global-4436223189,Project Manager de Productos Digitales,,scraped,2026-07-07T12:30:02.386823,
d94070de4691950c,https://uy.linkedin.com/jobs/view/climate-change-and-circular-economy-experts-at-ntu-international-a-s-4437131756,Climate Change and Circular Economy Experts,,scraped,2026-07-07T12:30:11.948133,
e95c7a7d9a5b3316,https://uy.linkedin.com/jobs/view/trabajador-a-social-%E2%80%93-maldonado-licencia-maternal-at-el-dorado-4436159381,Trabajador/a Social – Maldonado ( Licencia Maternal),,scraped,2026-07-07T12:30:19.127254,
732c0aa6fb92a7ad,https://uy.linkedin.com/jobs/view/staff-accountant-at-internova-travel-group-4435843452,Staff Accountant,Internova Travel Group,posted,2026-07-07T12:30:35.884382,149
0431ae272b51520d,https://uy.linkedin.com/jobs/view/oil-operator-at-trafigura-4421964998,Oil Operator,,scraped,2026-07-07T12:30:38.527527,
7461a15231f08c8f,https://uy.linkedin.com/jobs/view/consolidation-analyst-at-ricoh-latam-4436253255,Consolidation Analyst,Ricoh LATAM,posted,2026-07-07T12:30:51.858226,151
46ebd90e0782c48c,https://uy.linkedin.com/jobs/view/corporate-travel-consultant-at-internova-global-services-4425957687,Corporate Travel Consultant,Internova Global Services,posted,2026-07-07T12:31:42.557366,153
261dbe35816f5e7a,https://uy.linkedin.com/jobs/view/analista-de-sistemas-at-sonda-4436417154,Analista de Sistemas,,scraped,2026-07-07T12:31:45.229026,
698d49114ba0abc8,https://uy.linkedin.com/jobs/view/sustainable-finance-experts-at-ntu-international-a-s-4436759285,Sustainable Finance Experts,,scraped,2026-07-07T12:31:54.131169,
1dd5a130ec7d7be6,https://uy.linkedin.com/jobs/view/contador-con-experiencia-en-auditor%C3%ADa-at-bf-auditores-4432796568,Contador con experiencia en Auditoría,,scraped,2026-07-07T12:32:03.717200,
86c29d0a6ce8429f,https://uy.linkedin.com/jobs/view/nebenjob-%E2%80%93-home-office-mit-umfragen-geld-verdienen%21-einfach-von-zuhause-oder-unterwegs-studentjob-ch-at-jobster-4436592102,Nebenjob – Home Office: Mit Umfragen Geld verdienen! Einfach von zuhause oder unterwegs - Studentjob.ch,,scraped,2026-07-07T12:32:30.349046,
28699ced98dc7ba0,https://uy.linkedin.com/jobs/view/uruguay-online-language-school-franchise-partnership-at-lingua-learn-franchise-group-4437756331,Uruguay Online Language School Franchise Partnership,,scraped,2026-07-07T12:32:37.644840,
b83534e5549a07ba,https://uy.linkedin.com/jobs/view/senior-grc-consultant-at-scale-up-recruiting-partners-4436534226,Senior GRC Consultant,Scale Up Recruiting Partners,posted,2026-07-07T12:32:59.869910,155
5e7ad375640e7f95,https://uy.linkedin.com/jobs/view/asesor-comercial-at-nexum-consulting-4433978783,Asesor Comercial,,scraped,2026-07-07T12:33:02.500694,
e3058155c46bccd0,https://uy.linkedin.com/jobs/view/heimarbeit-homeoffice-mit-online-umfragen-geld-verdienen-von-%C3%BCberall%21-studentjob-ch-at-jobster-4436571657,Heimarbeit / Homeoffice: Mit online-Umfragen Geld verdienen von überall! - Studentjob.ch,,scraped,2026-07-07T12:33:12.954459,
d500b2ec7ea273f7,https://uy.linkedin.com/jobs/view/gesucht-teilnehmer-f%C3%BCr-bezahlte-studien-studentjob-ch-at-jobster-4436567033,Gesucht: Teilnehmer für bezahlte Studien - Studentjob.ch,,scraped,2026-07-07T12:33:19.846403,
3db9fa6e2540b060,https://uy.linkedin.com/jobs/view/lead-technical-support-engineer-at-mercor-4419111896,Lead Technical Support Engineer,Mercor,posted,2026-07-07T12:33:33.422219,157
eb798f6ff2c6e60e,https://uy.linkedin.com/jobs/view/scrum-master-r%2Bd-remote-work-at-bairesdev-4436203907,Scrum Master / R+D - Remote Work,BairesDev,posted,2026-07-07T12:33:42.931884,159
b6ab71574cf03f26,https://uy.linkedin.com/jobs/view/finance-and-reporting-specialist-at-kuehne%2Bnagel-4435167481,Finance and Reporting Specialist,,scraped,2026-07-07T12:33:45.655990,
6b177e2af9bfab7c,https://uy.linkedin.com/jobs/view/ejecutivo-de-ventas-at-dos-orientales-4432787536,Ejecutivo de ventas,Dos Orientales,posted,2026-07-07T12:34:03.316628,161
79c4a8533067d2fb,https://uy.linkedin.com/jobs/view/emprendedor-at-emprendedores-essen-4400124655,Emprendedor,Emprendedores Essen,posted,2026-07-07T12:34:10.731606,163
92b3a3225fb7c916,https://uy.linkedin.com/jobs/view/sabre-travel-agent-at-internova-global-services-4427134657,Sabre travel agent,Internova Global Services,posted,2026-07-07T12:34:58.546928,165
f713155278e0faee,https://uy.linkedin.com/jobs/view/encargado-a-de-local-ciudad-de-tacuaremb%C3%B3-at-manpowergroup-uruguay-4431954312,Encargado/a de local (ciudad de Tacuarembó),,scraped,2026-07-07T12:35:00.975347,
3f46dcc861e7c7d7,https://uy.linkedin.com/jobs/view/senior-python-data-scraping-engineer-freelance-at-mindrift-4436305694,Senior Python Data Scraping Engineer (Freelance),Mindrift,posted,2026-07-07T12:35:14.400491,167
c28c56bc67248e7a,https://uy.linkedin.com/jobs/view/coordinador-a-de-reparaciones-at-ceibal-4435116850,Coordinador/a de Reparaciones,Ceibal,posted,2026-07-07T12:35:27.511997,169
8628faa24da611d1,https://uy.linkedin.com/jobs/view/customer-success-engineer-fully-remote-at-mercor-4427139983,Customer Success Engineer - Fully Remote,Mercor,posted,2026-07-07T12:35:36.128562,171
bf401b4c77c68acb,https://uy.linkedin.com/jobs/view/desarrollador-de-sw-3-at-sonda-4417385453,Desarrollador de SW 3,,scraped,2026-07-07T12:35:38.845773,
2dbc8d598a60c058,https://uy.linkedin.com/jobs/view/online-aufgaben-umfragen-flexible-m%C3%B6glichkeit-geld-online-zu-verdienen-studentjob-ch-at-jobster-4436563544,"Online Aufgaben & Umfragen - Flexible Möglichkeit, Geld online zu verdienen - Studentjob.ch",,scraped,2026-07-07T12:35:45.455506,
66636774384acaad,https://uy.linkedin.com/jobs/view/it-operations-analyst-ii-at-sabre-4425885701,IT Operations Analyst II,Sabre,posted,2026-07-07T12:36:05.678836,173
fb2cb9e4be6b528d,https://uy.linkedin.com/jobs/view/net-developer-paystudio-at-evertec-4435258629,.Net Developer PayStudio,Evertec,posted,2026-07-07T12:36:14.552017,175
e88acf6df7d6307e,https://uy.linkedin.com/jobs/view/auxiliar-de-flota-4432394425,Auxiliar de flota,AUTONOMIA RENT A CAR,posted,2026-07-07T12:36:22.504947,177
b083760f4b7e2775,https://uy.linkedin.com/jobs/view/analista-sap-senior-at-missionhires-4436202950,Analista SAP Senior,MissionHires,posted,2026-07-07T12:36:35.032160,179
34dad45890aa6613,https://uy.linkedin.com/jobs/view/partner-account-manager-%E2%80%93-airline-it-partnerships-at-sabre-4407630528,Partner Account Manager – Airline IT Partnerships,Sabre,posted,2026-07-07T12:36:47.261573,181
785770a9d3aeabba,https://uy.linkedin.com/jobs/view/data-engineer-at-scanntech-uruguay-4436743909,Data Engineer,,scraped,2026-07-07T12:36:49.964903,
17cec806d339ef38,https://uy.linkedin.com/jobs/view/staff-applied-scientist-adtech-at-launch-potato-4435824103,"Staff Applied Scientist, AdTech",Launch Potato,posted,2026-07-07T12:37:04.981015,183
80ffd5107e7bf413,https://uy.linkedin.com/jobs/view/verdiene-geld-mit-deinen-meinungen-%E2%80%93-flexibler-nebenjob-f%C3%BCr-studenten%21-studentjob-ch-at-jobster-4436592043,Verdiene Geld mit deinen Meinungen – Flexibler Nebenjob für Studenten! - Studentjob.ch,,scraped,2026-07-07T12:37:07.573608,
8939c36665a79227,https://uy.linkedin.com/jobs/view/panelteilnehmer-in-%E2%80%93-askgfk-schweiz-studentjob-ch-at-jobster-4436556380,Panelteilnehmer:in – askGfK Schweiz - Studentjob.ch,,scraped,2026-07-07T12:37:15.190621,
face33d3eb18b957,https://uy.linkedin.com/jobs/view/agente-inmobiliario-at-pointer-mejores-negocios-inmobiliarios-4432704264,Agente inmobiliario,,scraped,2026-07-07T12:37:22.417868,
8e714b931bf93646,https://uy.linkedin.com/jobs/view/ejecutivo-a-comercial-y-licitaciones-at-darkolighting-4426839365,Ejecutivo/a Comercial y Licitaciones,Darko Lighting,posted,2026-07-07T12:37:36.280548,185
9ad8f62bb420130d,https://uy.linkedin.com/jobs/view/einfach-mit-umfragen-geld-verdienen-mit-toluna-studentjob-ch-at-jobster-4436579384,"Einfach mit Umfragen Geld verdienen, mit Toluna - Studentjob.ch",,scraped,2026-07-07T12:37:40.847068,
690c1a0a371944c3,https://uy.linkedin.com/jobs/view/manager-ai-engineering-at-ulta-beauty-4426721882,"Manager, AI Engineering",Ulta Beauty,posted,2026-07-07T12:37:54.814697,187
ef157eeb6f9d9105,https://uy.linkedin.com/jobs/view/vendedor-industria-de-alimentos-at-cambay-industrias-alimentarias-s-a-4433983186,Vendedor - Industria de Alimentos,Cambay Industrias Alimentarias S.A.,posted,2026-07-07T12:38:08.380117,189
3084fedf6c89dfdf,https://uy.linkedin.com/jobs/view/salesforce-developer-at-internova-global-services-4408548337,Salesforce Developer,Internova Global Services,posted,2026-07-07T12:39:01.547139,191
d31e03bab56b0e42,https://uy.linkedin.com/jobs/view/job-mit-sinn-dialoger-m-w-d-80-%E2%80%93-100%25-chf-210-tag-fix-%2B-bonus-studentjob-ch-at-jobster-4436577526,Job mit Sinn: Dialoger (m/w/d) (80 – 100%) CHF 210.-/Tag fix + Bonus - Studentjob.ch,,scraped,2026-07-07T12:39:04.165329,
d7ee060cec30fe3c,https://uy.linkedin.com/jobs/view/customer-support-officer-latam-at-xs-com-4436326495,Customer Support Officer - LATAM,,scraped,2026-07-07T12:39:11.279166,
05a021f5812ec020,https://uy.linkedin.com/jobs/view/agentic-product-designer-remote-latin-america-at-fullstack-4417330673,Agentic Product Designer - Remote - Latin America,FullStack,posted,2026-07-07T12:39:25.205206,193
f330e412af1028fa,https://uy.linkedin.com/jobs/view/technical-product-support-specialist-revenue-optimization-at-sabre-4434371188,Technical Product Support Specialist / Revenue Optimization,Sabre,posted,2026-07-07T12:39:33.363676,195
c456e8294125c05b,https://uy.linkedin.com/jobs/view/senior-fullstack-react-node-shopify-engineer-remote-uruguay-at-kake-4433980354,Senior FullStack (React/Node/Shopify) Engineer | Remote | Uruguay,Kake,posted,2026-07-07T12:39:41.585171,197
bfaf1dd5ddb996f9,https://uy.linkedin.com/jobs/view/sinnvoller-job-als-dialoger-in-in-teamarbeit-%E2%80%93-einsatz-f%C3%BCr-menschenrechte-tiere-und-umwelt-studentjob-ch-at-jobster-4436562655,"Sinnvoller Job als Dialoger*in in Teamarbeit – Einsatz für Menschenrechte, Tiere und Umwelt - Studentjob.ch",,scraped,2026-07-07T12:39:44.111685,
2c3a353922af5760,https://uy.linkedin.com/jobs/view/senior-technical-product-owner-at-consultora-citrino-4433100421,Senior Technical Product Owner,,scraped,2026-07-07T12:39:51.145000,
0aeb1d82e63fd4af,https://uy.linkedin.com/jobs/view/software-development-engineer-in-test-pro-at-kraken-4416725067,Software Development Engineer in Test - Pro,Kraken,posted,2026-07-07T12:40:05.378241,199
a106c58061c33efb,https://uy.linkedin.com/jobs/view/visitador-m%C3%A9dico-l%C3%ADnea-dermocosm%C3%A9tica-at-siegfried-uruguay-4433955285,Visitador Médico - Línea dermocosmética,Siegfried Uruguay,posted,2026-07-07T12:40:17.777280,201
b1dece54764e135e,https://uy.linkedin.com/jobs/view/verdiene-geld-von-zuhause-aus-nebenjob-im-home-office-mit-umfragen-studentjob-ch-at-jobster-4436576279,Verdiene Geld von Zuhause aus: Nebenjob im Home Office mit Umfragen - Studentjob.ch,,scraped,2026-07-07T12:40:20.298524,
ea6bd47b4638e424,https://uy.linkedin.com/jobs/view/consultor-a-sap-fico-senior-%E2%80%93-triling%C3%BCe-espa%C3%B1ol-portugu%C3%A9s-e-ingl%C3%A9s-%E2%80%93-100%25-remoto-uruguay-at-sapindex-4437445917,"Consultor/a SAP FICO Senior – Trilingüe (Español, Portugués e Inglés) – 100% Remoto - Uruguay",,scraped,2026-07-07T12:40:27.305046,
5502ac6ea8a5ed4c,https://uy.linkedin.com/jobs/view/kc-finance-process-excellence-training-specialist-at-kuehne%2Bnagel-4437425318,KC Finance Process Excellence & Training Specialist,,scraped,2026-07-07T12:40:34.359358,
5dee8c9f8a694b98,https://uy.linkedin.com/jobs/view/data-engineering-consultant-at-oracle-4434334467,Data Engineering Consultant,Oracle,posted,2026-07-07T12:40:47.826737,203
5d221a52a79c08dd,https://uy.linkedin.com/jobs/view/sr-ai-ml-engineer-at-perform-4398643530,Sr. AI/ML Engineer,Perform,posted,2026-07-07T12:40:57.662623,205
75fbbb0887c38b85,https://uy.linkedin.com/jobs/view/online-umfragen-im-home-office-bearbeiten-f%C3%BCr-geld-studentjob-ch-at-jobster-4436564933,Online-Umfragen im Home-Office bearbeiten für Geld - Studentjob.ch,,scraped,2026-07-07T12:41:00.164041,
5cf17bcdf058b03f,https://uy.linkedin.com/jobs/view/sagen-sie-es%21-teilen-sie-ihre-erkenntnisse-mit%21-umfragen-durchf%C3%BChren-und-geld-verdienen%21-m-w-d-studentjob-ch-at-jobster-4436575626,Sagen Sie es! Teilen Sie Ihre Erkenntnisse mit! Umfragen durchführen und Geld verdienen! (m/w/d) - Studentjob.ch,,scraped,2026-07-07T12:41:07.008155,
1e981075e5e75c83,https://uy.linkedin.com/jobs/view/t%C3%A9l%C3%A9travail-r%C3%A9pondez-%C3%A0-des-sondages-studentjob-ch-at-jobster-4436560489,Télétravail: Répondez à des sondages - Studentjob.ch,,scraped,2026-07-07T12:41:13.831989,
a9ff842ca4aed8dd,https://uy.linkedin.com/jobs/view/estudiante-avanzado-de-administraci%C3%B3n-contador-p%C3%BAblico-at-csi-4435583758,Estudiante avanzado de Administración/Contador Público,,scraped,2026-07-07T12:41:20.803669,
91523e97aab2d37c,https://uy.linkedin.com/jobs/view/housekeeper-general-maintenance-worker-gmw-day-shift-at-minnesota-direct-care-and-treatment-4434500832,Housekeeper - General Maintenance Worker (GMW) / Day Shift,Minnesota Direct Care and Treatment,posted,2026-07-07T12:41:39.019778,207
d530c172402506aa,https://uy.linkedin.com/jobs/view/tech-lead-sanity-cms-remote-latin-america-at-fullstack-4427097790,Tech Lead (Sanity CMS) - Remote - Latin America,FullStack,posted,2026-07-07T12:41:53.877041,95
819671bbe0aeb615,https://uy.linkedin.com/jobs/view/mid-level-cms-engineer-sanity-remote-latin-america-at-fullstack-4434633565,Mid-Level CMS Engineer (Sanity) - Remote - Latin America,FullStack,posted,2026-07-07T12:41:58.524534,97
0733def85e55fffb,https://uy.linkedin.com/jobs/view/linux-software-engineer-ubuntu-for-next-gen-silicon-multiple-roles-and-seniority-levels-at-canonical-4434634037,Linux Software Engineer - Ubuntu for Next-Gen Silicon (multiple roles and seniority levels),,scraped,2026-07-07T12:42:03.171491,
